"Address","Occurrences","Indexability","Indexability Status","Canonical Link Element 1","HTTP Canonical","Meta Robots 1","X-Robots-Tag 1","rel=""next"" 1","rel=""prev"" 1","HTTP rel=""next"" 1","HTTP rel=""prev"" 1"
"https://bgoonz-blog.netlify.app/","0","Indexable","","","","","","","","",""
"https://bgoonz-blog.netlify.app/docs/projects/","0","Indexable","","","","","","","","",""
"https://bgoonz-blog.netlify.app/docs/content/","0","Indexable","","","","","","","","",""
"https://bgoonz-blog.netlify.app/docs/reference/","0","Indexable","","","","","","","","",""
"https://bgoonz-blog.netlify.app/blog/platform-docs/","0","Indexable","","","","","","","","",""
"https://bgoonz-blog.netlify.app/docs/tutorials/","0","Indexable","","","","","","","","",""
"https://bgoonz-blog.netlify.app/docs/community/","0","Indexable","","","","","","","","",""
"https://bgoonz-blog.netlify.app/docs/docs/","0","Indexable","","","","","","","","",""
"https://bgoonz-blog.netlify.app/docs/articles/","0","Indexable","","","","","","","","",""
"https://bgoonz-blog.netlify.app/docs/quick-reference/","0","Indexable","","","","","","","","",""
"https://bgoonz-blog.netlify.app/docs/articles/nodejs/","0","Indexable","","","","","","","","",""
"https://bgoonz-blog.netlify.app/blog/","0","Indexable","","","","","","","","",""
"https://bgoonz-blog.netlify.app/docs/interview/job-search-nav/","0","Indexable","","","","","","","","",""
"https://bgoonz-blog.netlify.app/docs/react/","0","Indexable","","","","","","","","",""
"https://bgoonz-blog.netlify.app/docs/faq/","0","Indexable","","","","","","","","",""
"https://bgoonz-blog.netlify.app/docs/interact/","0","Indexable","","","","","","","","",""
"https://bgoonz-blog.netlify.app/docs/about/","0","Indexable","","","","","","","","",""
"https://bgoonz-blog.netlify.app/docs/leetcode/","0","Indexable","","","","","","","","",""
"https://bgoonz-blog.netlify.app/docs/javascript/","0","Indexable","","","","","","","","",""
"https://bgoonz-blog.netlify.app/docs/tools/","0","Indexable","","","","","","","","",""
"https://bgoonz-blog.netlify.app/docs/interview/","0","Indexable","","","","","","","","",""
"https://bgoonz-blog.netlify.app/docs/data-structures/","0","Indexable","","","","","","","","",""
"https://bgoonz-blog.netlify.app/docs/python/","0","Indexable","","","","","","","","",""
"https://bgoonz-blog.netlify.app/docs/tips/","0","Indexable","","","","","","","","",""
"https://bgoonz-blog.netlify.app/docs/audio/","0","Indexable","","","","","","","","",""
"https://bgoonz-blog.netlify.app/docs/quick-reference/vscode-themes/","0","Indexable","","","","","","","","",""
"https://bgoonz-blog.netlify.app/docs/projects/my-websites/","0","Indexable","","","","","","","","",""
"https://bgoonz-blog.netlify.app/docs/articles/webdev-tools/","0","Indexable","","","","","","","","",""
"https://bgoonz-blog.netlify.app/docs/react/dont-use-index-as-keys/","0","Indexable","","","","","","","","",""
"https://bgoonz-blog.netlify.app/docs/python/functions/","0","Indexable","","","","","","","","",""
"https://bgoonz-blog.netlify.app/docs/articles/reading-files/","0","Indexable","","","","","","","","",""
"https://bgoonz-blog.netlify.app/docs/reference/how-to-kill-a-process/","0","Indexable","","","","","","","","",""
"https://bgoonz-blog.netlify.app/docs/interact/video-chat/","0","Indexable","","","","","","","","",""
"https://bgoonz-blog.netlify.app/docs/javascript/review/","0","Indexable","","","","","","","","",""
"https://bgoonz-blog.netlify.app/docs/docs/node-docs-complete/","0","Indexable","","","","","","","","",""
"https://bgoonz-blog.netlify.app/docs/about/eng-portfolio/","0","Indexable","","","","","","","","",""
"https://bgoonz-blog.netlify.app/docs/articles/node-cli-args/","0","Indexable","","","","","","","","",""
"https://bgoonz-blog.netlify.app/docs/docs/bash/","0","Indexable","","","","","","","","",""
"https://bgoonz-blog.netlify.app/docs/javascript/for-loops/","0","Indexable","","","","","","","","",""
"https://bgoonz-blog.netlify.app/docs/docs/no-whiteboarding/","0","Indexable","","","","","","","","",""
"https://bgoonz-blog.netlify.app/docs/reference/intro-to-nodejs/","0","Indexable","","","","","","","","",""
"https://bgoonz-blog.netlify.app/docs/docs/sitemap/","0","Indexable","","","","","","","","",""
"https://bgoonz-blog.netlify.app/docs/quick-reference/all-emojis/","0","Indexable","","","","","","","","",""
"https://bgoonz-blog.netlify.app/docs/quick-reference/new-repo-instructions/","0","Indexable","","","","","","","","",""
"https://bgoonz-blog.netlify.app/docs/about/job-search/","0","Indexable","","","","","","","","",""
"https://bgoonz-blog.netlify.app/docs/articles/node-package-manager/","0","Indexable","","","","","","","","",""
"https://bgoonz-blog.netlify.app/docs/tips/insert-into-array/","0","Indexable","","","","","","","","",""
"https://bgoonz-blog.netlify.app/docs/audio/dtw-python-explained/","0","Indexable","","","","","","","","",""
"https://bgoonz-blog.netlify.app/docs/audio/discrete-fft/","0","Indexable","","","","","","","","",""
"https://bgoonz-blog.netlify.app/docs/about/resume/","0","Indexable","","","","","","","","",""
"https://bgoonz-blog.netlify.app/docs/reference/resources/","0","Indexable","","","","","","","","",""
"https://bgoonz-blog.netlify.app/docs/content/history-api/","0","Indexable","","","","","","","","",""
"https://bgoonz-blog.netlify.app/docs/projects/embeded-websites/","0","Indexable","","","","","","","","",""
"https://bgoonz-blog.netlify.app/docs/quick-reference/minifiction/","0","Indexable","","","","","","","","",""
"https://bgoonz-blog.netlify.app/docs/quick-reference/installation/","0","Indexable","","","","","","","","",""
"https://bgoonz-blog.netlify.app/docs/quick-reference/markdown-dropdowns/","0","Indexable","","","","","","","","",""
"https://bgoonz-blog.netlify.app/docs/interact/jupyter-notebooks/","0","Indexable","","","","","","","","",""
"https://bgoonz-blog.netlify.app/docs/docs/es-6-features/","0","Indexable","","","","","","","","",""
"https://bgoonz-blog.netlify.app/docs/quick-reference/git-tricks/","0","Indexable","","","","","","","","",""
"https://bgoonz-blog.netlify.app/docs/docs/node-docs-full/","0","Indexable","","","","","","","","",""
"https://bgoonz-blog.netlify.app/docs/javascript/this-is-about-this/","0","Indexable","","","","","","","","",""
"https://bgoonz-blog.netlify.app/docs/reference/awesome-lists/","0","Indexable","","","","","","","","",""
"https://bgoonz-blog.netlify.app/docs/docs/git-repos/","0","Indexable","","","","","","","","",""
"https://bgoonz-blog.netlify.app/docs/reference/awesome-static/","0","Indexable","","","","","","","","",""
"https://bgoonz-blog.netlify.app/docs/reference/google-cloud/","0","Indexable","","","","","","","","",""
"https://bgoonz-blog.netlify.app/docs/about/intrests/","0","Indexable","","","","","","","","",""
"https://bgoonz-blog.netlify.app/docs/articles/npm/","0","Indexable","","","","","","","","",""
"https://bgoonz-blog.netlify.app/docs/articles/install/","0","Indexable","","","","","","","","",""
"https://bgoonz-blog.netlify.app/docs/quick-reference/google-firebase/","0","Indexable","","","","","","","","",""
"https://bgoonz-blog.netlify.app/docs/community/bookmarks/","0","Indexable","","","","","","","","",""
"https://bgoonz-blog.netlify.app/docs/react/ajax-n-apis/","0","Indexable","","","","","","","","",""
"https://bgoonz-blog.netlify.app/docs/projects/list-of-projects/","0","Indexable","","","","","","","","",""
"https://bgoonz-blog.netlify.app/docs/articles/fs-module/","0","Indexable","","","","","","","","",""
"https://bgoonz-blog.netlify.app/docs/react/render-elements/","0","Indexable","","","","","","","","",""
"https://bgoonz-blog.netlify.app/docs/react/cheatsheet/","0","Indexable","","","","","","","","",""
"https://bgoonz-blog.netlify.app/docs/python/examples/","0","Indexable","","","","","","","","",""
"https://bgoonz-blog.netlify.app/docs/content/archive/","0","Indexable","","","","","","","","",""
"https://bgoonz-blog.netlify.app/docs/quick-reference/pull-request-rubric/","0","Indexable","","","","","","","","",""
"https://bgoonz-blog.netlify.app/docs/react/demo/","0","Indexable","","","","","","","","",""
"https://bgoonz-blog.netlify.app/docs/articles/semantic-html/","0","Indexable","","","","","","","","",""
"https://bgoonz-blog.netlify.app/docs/articles/semantic/","0","Indexable","","","","","","","","",""
"https://bgoonz-blog.netlify.app/docs/quick-reference/quick-links/","0","Indexable","","","","","","","","",""
"https://bgoonz-blog.netlify.app/docs/docs/appendix/","0","Indexable","","","","","","","","",""
"https://bgoonz-blog.netlify.app/docs/articles/node-js-language/","0","Indexable","","","","","","","","",""
"https://bgoonz-blog.netlify.app/docs/quick-reference/git-bash/","0","Indexable","","","","","","","","",""
"https://bgoonz-blog.netlify.app/docs/career/interview-dos-n-donts/","0","Indexable","","","","","","","","",""
"https://bgoonz-blog.netlify.app/docs/react/react-docs/","0","Indexable","","","","","","","","",""
"https://bgoonz-blog.netlify.app/docs/reference/embed-the-web/","0","Indexable","","","","","","","","",""
"https://bgoonz-blog.netlify.app/docs/reference/psql/","0","Indexable","","","","","","","","",""
"https://bgoonz-blog.netlify.app/docs/docs/css/","0","Indexable","","","","","","","","",""
"https://bgoonz-blog.netlify.app/docs/javascript/asyncjs/","0","Indexable","","","","","","","","",""
"https://bgoonz-blog.netlify.app/docs/javascript/await-keyword/","0","Indexable","","","","","","","","",""
"https://bgoonz-blog.netlify.app/docs/articles/node-repl/","0","Indexable","","","","","","","","",""
"https://bgoonz-blog.netlify.app/docs/reference/installing-node/","0","Indexable","","","","","","","","",""
"https://bgoonz-blog.netlify.app/docs/articles/basic-web-dev/","0","Indexable","","","","","","","","",""
"https://bgoonz-blog.netlify.app/docs/audio/web-audio-api/","0","Indexable","","","","","","","","",""
"https://bgoonz-blog.netlify.app/docs/docs/html-spec/","0","Indexable","","","","","","","","",""
"https://bgoonz-blog.netlify.app/docs/articles/v8/","0","Indexable","","","","","","","","",""
"https://bgoonz-blog.netlify.app/docs/reference/awesome-nodejs/","0","Indexable","","","","","","","","",""
"https://bgoonz-blog.netlify.app/docs/audio/audio-feature-extraction/","0","Indexable","","","","","","","","",""
"https://bgoonz-blog.netlify.app/docs/articles/understanding-firebase/","0","Indexable","","","","","","","","",""
"https://bgoonz-blog.netlify.app/docs/python/python-ds/","0","Indexable","","","","","","","","",""
"https://bgoonz-blog.netlify.app/docs/articles/writing-files/","0","Indexable","","","","","","","","",""
"https://bgoonz-blog.netlify.app/docs/faq/plug-ins/","0","Indexable","","","","","","","","",""
"https://bgoonz-blog.netlify.app/docs/career/dev-interview/","0","Indexable","","","","","","","","",""
"https://bgoonz-blog.netlify.app/docs/python/snippets/","0","Indexable","","","","","","","","",""
"https://bgoonz-blog.netlify.app/docs/reference/vscode/","0","Indexable","","","","","","","","",""
"https://bgoonz-blog.netlify.app/docs/content/main-projects/","0","Indexable","","","","","","","","",""
"https://bgoonz-blog.netlify.app/docs/interact/callstack-visual/","0","Indexable","","","","","","","","",""
"https://bgoonz-blog.netlify.app/docs/docs/art-of-command-line/","0","Indexable","","","","","","","","",""
"https://bgoonz-blog.netlify.app/docs/community/video-chat/","0","Indexable","","","","","","","","",""
"https://bgoonz-blog.netlify.app/docs/quick-reference/heroku-error-codes/","0","Indexable","","","","","","","","",""
"https://bgoonz-blog.netlify.app/docs/","0","Indexable","","","","","","","","",""
"https://bgoonz-blog.netlify.app/docs/interact/clock/","0","Indexable","","","","","","","","",""
"https://bgoonz-blog.netlify.app/docs/reference/bash-commands/","0","Indexable","","","","","","","","",""
"https://bgoonz-blog.netlify.app/docs/docs/git-reference/","0","Indexable","","","","","","","","",""
"https://bgoonz-blog.netlify.app/docs/articles/os-module/","0","Indexable","","","","","","","","",""
"https://bgoonz-blog.netlify.app/docs/articles/node-run-cli/","0","Indexable","","","","","","","","",""
"https://bgoonz-blog.netlify.app/docs/reference/bookmarks/","0","Indexable","","","","","","","","",""
"https://bgoonz-blog.netlify.app/docs/faq/contact/","0","Indexable","","","","","","","","",""
"https://bgoonz-blog.netlify.app/docs/tools/dev-utilities/","0","Indexable","","","","","","","","",""
"https://bgoonz-blog.netlify.app/docs/reference/how-2-reinstall-npm/","0","Indexable","","","","","","","","",""
"https://bgoonz-blog.netlify.app/docs/python/intro-for-js-devs/","0","Indexable","","","","","","","","",""
"https://bgoonz-blog.netlify.app/docs/articles/npx/","0","Indexable","","","","","","","","",""
"https://bgoonz-blog.netlify.app/docs/tools/data-structures/","0","Indexable","","","","","","","","",""
"https://bgoonz-blog.netlify.app/docs/articles/nodevsbrowser/","0","Indexable","","","","","","","","",""
"https://bgoonz-blog.netlify.app/docs/interview/review-concepts/","0","Indexable","","","","","","","","",""
"https://bgoonz-blog.netlify.app/docs/docs/snippets/","0","Indexable","","","","","","","","",""
"https://bgoonz-blog.netlify.app/docs/articles/how-the-web-works/","0","Indexable","","","","","","","","",""
"https://bgoonz-blog.netlify.app/docs/python/comprehensive-guide/","0","Indexable","","","","","","","","",""
"https://bgoonz-blog.netlify.app/docs/reference/notes-template/","0","Indexable","","","","","","","","",""
"https://bgoonz-blog.netlify.app/docs/content/algo/","0","Indexable","","","","","","","","",""
"https://bgoonz-blog.netlify.app/docs/javascript/clean-code/","0","Indexable","","","","","","","","",""
"https://bgoonz-blog.netlify.app/docs/quick-reference/understanding-path/","0","Indexable","","","","","","","","",""
"https://bgoonz-blog.netlify.app/docs/docs/markdown/","0","Indexable","","","","","","","","",""
"https://bgoonz-blog.netlify.app/docs/interact/other-sites/","0","Indexable","","","","","","","","",""
"https://bgoonz-blog.netlify.app/docs/tutorials/enviorment-setup/","0","Indexable","","","","","","","","",""
"https://bgoonz-blog.netlify.app/docs/articles/web-standards-checklist/","0","Indexable","","","","","","","","",""
"https://bgoonz-blog.netlify.app/docs/javascript/constructor-functions/","0","Indexable","","","","","","","","",""
"https://bgoonz-blog.netlify.app/docs/react/jsx/","0","Indexable","","","","","","","","",""
"https://bgoonz-blog.netlify.app/docs/articles/modules/","0","Indexable","","","","","","","","",""
"https://bgoonz-blog.netlify.app/docs/python/flow-control/","0","Indexable","","","","","","","","",""
"https://bgoonz-blog.netlify.app/docs/community/an-open-letter-2-future-developers/","0","Indexable","","","","","","","","",""
"https://bgoonz-blog.netlify.app/docs/python/google-sheets-api/","0","Indexable","","","","","","","","",""
"https://bgoonz-blog.netlify.app/docs/tips/array-methods/","0","Indexable","","","","","","","","",""
"https://bgoonz-blog.netlify.app/docs/tools/markdown-html/","0","Indexable","","","","","","","","",""
"https://bgoonz-blog.netlify.app/docs/projects/mini-projects/","0","Indexable","","","","","","","","",""
"https://bgoonz-blog.netlify.app/docs/docs/data-structures-docs/","0","Indexable","","","","","","","","",""
"https://bgoonz-blog.netlify.app/docs/react/react-in-depth/","0","Indexable","","","","","","","","",""
"https://bgoonz-blog.netlify.app/docs/career/job-boards/","0","Indexable","","","","","","","","",""
"https://bgoonz-blog.netlify.app/docs/python/at-length/","0","Indexable","","","","","","","","",""
"https://bgoonz-blog.netlify.app/docs/tips/sorting-strings/","0","Indexable","","","","","","","","",""
"https://bgoonz-blog.netlify.app/docs/articles/how-search-engines-work/","0","Indexable","","","","","","","","",""
"https://bgoonz-blog.netlify.app/docs/articles/dev-dep/","0","Indexable","","","","","","","","",""
"https://bgoonz-blog.netlify.app/docs/javascript/bigo/","0","Indexable","","","","","","","","",""
"https://bgoonz-blog.netlify.app/docs/articles/node-env-variables/","0","Indexable","","","","","","","","",""
"https://bgoonz-blog.netlify.app/docs/audio/audio/","0","Indexable","","","","","","","","",""
"https://bgoonz-blog.netlify.app/docs/articles/buffers/","0","Indexable","","","","","","","","",""
"https://bgoonz-blog.netlify.app/docs/docs/regex-in-js/","0","Indexable","","","","","","","","",""
"https://bgoonz-blog.netlify.app/docs/reference/github-search/","0","Indexable","","","","","","","","",""
"https://bgoonz-blog.netlify.app/docs/articles/node-common-modules/","0","Indexable","","","","","","","","",""
"https://bgoonz-blog.netlify.app/docs/content/trouble-shooting/","0","Indexable","","","","","","","","",""
"https://bgoonz-blog.netlify.app/docs/audio/dfft/","0","Indexable","","","","","","","","",""
"https://bgoonz-blog.netlify.app/docs/quick-reference/psql-setup/","0","Indexable","","","","","","","","",""
"https://bgoonz-blog.netlify.app/docs/reference/markdown-styleguide/","0","Indexable","","","","","","","","",""
"https://bgoonz-blog.netlify.app/docs/javascript/promises/","0","Indexable","","","","","","","","",""
"https://bgoonz-blog.netlify.app/docs/python/cheat-sheet/","0","Indexable","","","","","","","","",""
"https://bgoonz-blog.netlify.app/docs/articles/http/","0","Indexable","","","","","","","","",""
"https://bgoonz-blog.netlify.app/docs/articles/nextjs/","0","Indexable","","","","","","","","",""
"https://bgoonz-blog.netlify.app/docs/audio/dynamic-time-warping/","0","Indexable","","","","","","","","",""
"https://bgoonz-blog.netlify.app/docs/react/react2/","0","Indexable","","","","","","","","",""
"https://bgoonz-blog.netlify.app/docs/javascript/arrow-functions/","0","Indexable","","","","","","","","",""
"https://bgoonz-blog.netlify.app/docs/quick-reference/create-react-app/","0","Indexable","","","","","","","","",""
"https://bgoonz-blog.netlify.app/docs/articles/node-api-express/","0","Indexable","","","","","","","","",""
